{
  "workload": "eclipse",
  "size": 2,
  "invocations": 50,
  "ok": 50,
  "churn_invocations": [
    1
  ],
  "http_latency_ms": {
    "mean": 67.95059922,
    "min": 12.543541,
    "p50": 13.7912915,
    "p90": 22.362767,
    "p95": 34.55745784999995,
    "p99": 1344.0362512499948,
    "max": 2593.723125
  },
  "handler_elapsed_ms": {
    "mean": 12.93576878,
    "p50": 9.895543,
    "p95": 17.533062799999996
  }
}
