{
  "workload": "eclipse",
  "size": 2,
  "invocations": 1000,
  "ok": 1000,
  "churn_invocations": [
    1,
    126,
    251,
    376,
    501,
    626,
    751,
    876
  ],
  "http_latency_ms": {
    "mean": 34.288641794,
    "min": 11.929875,
    "p50": 13.333957999999999,
    "p90": 17.2036077,
    "p95": 19.959251449999996,
    "p99": 85.0011957399999,
    "max": 2568.135959
  },
  "handler_elapsed_ms": {
    "mean": 11.469206588999999,
    "p50": 9.8268545,
    "p95": 14.607955399999993
  }
}
