{
  "ok": 1000,
  "total": 1000,
  "churn_points": [
    1,
    126,
    251,
    376,
    501,
    626,
    751,
    876
  ],
  "min_ms": 11.929875,
  "max_ms": 2568.135959,
  "mean_ms": 34.288641794,
  "p50_ms": 13.333957999999999,
  "p95_ms": 19.959251449999996,
  "p99_ms": 85.0011957399999
}
