{
  "ok": 1000,
  "total": 1000,
  "churn_points": [
    1,
    126,
    251,
    376,
    501,
    626,
    751,
    876
  ],
  "min_ms": 11.968209,
  "max_ms": 3173.903167,
  "mean_ms": 36.636165253,
  "p50_ms": 13.5030415,
  "p95_ms": 26.048441349999997,
  "p99_ms": 70.80388815999987
}
