{
  "workload": "eclipse",
  "size": 2,
  "invocations": 1000,
  "ok": 1000,
  "churn_invocations": [
    1,
    126,
    251,
    376,
    501,
    626,
    751,
    876
  ],
  "http_latency_ms": {
    "mean": 36.636165253,
    "min": 11.968209,
    "p50": 13.5030415,
    "p90": 20.257924700000004,
    "p95": 26.048441349999997,
    "p99": 70.80388815999987,
    "max": 3173.903167
  },
  "handler_elapsed_ms": {
    "mean": 11.99452771,
    "p50": 9.948435,
    "p95": 17.559981649999987
  }
}
