{
  "workload": "matrix",
  "size": 1,
  "invocations": 20,
  "ok": 20,
  "churn_invocations": [
    1
  ],
  "http_latency_ms": {
    "mean": 119.46884795000001,
    "min": 3.410459,
    "p50": 4.0330829999999995,
    "p90": 5.1782497,
    "p95": 120.47524165000165,
    "p99": 1871.8552147299972,
    "max": 2309.700208
  },
  "handler_elapsed_ms": {
    "mean": 0.8141418,
    "p50": 0.7354205,
    "p95": 1.2814216
  }
}
