{
  "ok": 60,
  "total": 60,
  "churn_points": [
    1,
    21,
    41
  ],
  "min_ms": 3.426875,
  "max_ms": 2919.105167,
  "mean_ms": 133.18972503333333,
  "p50_ms": 4.705603999999999,
  "p95_ms": 126.5406169999936,
  "p99_ms": 2673.6253419999985
}
