{
  "workload": "matrix",
  "size": 1,
  "invocations": 60,
  "ok": 60,
  "churn_invocations": [
    1,
    21,
    41
  ],
  "http_latency_ms": {
    "mean": 121.62860556666666,
    "min": 3.634375,
    "p50": 5.1949375,
    "p90": 8.321950000000001,
    "p95": 121.69136814999356,
    "p99": 2359.92235472,
    "max": 2374.699667
  },
  "handler_elapsed_ms": {
    "mean": 1.4673678,
    "p50": 0.823504,
    "p95": 1.86552185
  }
}
