{
  "workload": "matrix",
  "size": 1,
  "invocations": 60,
  "ok": 60,
  "churn_invocations": [
    1,
    21,
    41
  ],
  "http_latency_ms": {
    "mean": 133.18972503333333,
    "min": 3.426875,
    "p50": 4.705603999999999,
    "p90": 8.8936911,
    "p95": 126.5406169999936,
    "p99": 2673.6253419999985,
    "max": 2919.105167
  },
  "handler_elapsed_ms": {
    "mean": 0.9002595166666667,
    "p50": 0.788567,
    "p95": 1.55174135
  }
}
