{
  "ok": 60,
  "total": 60,
  "churn_points": [
    1,
    21,
    41
  ],
  "min_ms": 3.634375,
  "max_ms": 2374.699667,
  "mean_ms": 121.62860556666666,
  "p50_ms": 5.1949375,
  "p95_ms": 121.69136814999356,
  "p99_ms": 2359.92235472
}
