{
  "workload": "regex",
  "size": 1,
  "invocations": 60,
  "ok": 60,
  "churn_invocations": [
    1,
    21,
    41
  ],
  "http_latency_ms": {
    "mean": 118.84961316666666,
    "min": 3.557209,
    "p50": 4.387396000000001,
    "p90": 6.8003244,
    "p95": 115.14398364999387,
    "p99": 2347.5969326199997,
    "max": 2383.466916
  },
  "handler_elapsed_ms": {
    "mean": 1.1470914166666666,
    "p50": 1.098485,
    "p95": 1.3921556499999994
  }
}
