{
  "workload": "regex",
  "size": 1,
  "invocations": 60,
  "ok": 60,
  "churn_invocations": [
    1,
    21,
    41
  ],
  "http_latency_ms": {
    "mean": 119.43019511666667,
    "min": 3.552792,
    "p50": 4.3753125,
    "p90": 6.8448452,
    "p95": 122.66206284999353,
    "p99": 2312.86293528,
    "max": 2314.963458
  },
  "handler_elapsed_ms": {
    "mean": 1.1851046333333335,
    "p50": 1.1080679999999998,
    "p95": 1.4932781999999996
  }
}
