{
  "ok": 60,
  "total": 60,
  "churn_points": [
    1,
    21,
    41
  ],
  "min_ms": 3.557209,
  "max_ms": 2383.466916,
  "mean_ms": 118.84961316666666,
  "p50_ms": 4.387396000000001,
  "p95_ms": 115.14398364999387,
  "p99_ms": 2347.5969326199997
}
