{
  "ok": 60,
  "total": 60,
  "churn_points": [
    1,
    21,
    41
  ],
  "min_ms": 3.552792,
  "max_ms": 2314.963458,
  "mean_ms": 119.43019511666667,
  "p50_ms": 4.3753125,
  "p95_ms": 122.66206284999353,
  "p99_ms": 2312.86293528
}
