{
  "workload": "regex",
  "size": 1,
  "invocations": 20,
  "ok": 20,
  "churn_invocations": [],
  "http_latency_ms": {
    "mean": 7.23070005,
    "min": 3.536292,
    "p50": 4.031479,
    "p90": 7.710162800000005,
    "p95": 12.985193750000034,
    "p99": 47.90253874999995,
    "max": 56.631875
  },
  "handler_elapsed_ms": {
    "mean": 1.48852455,
    "p50": 1.0557344999999998,
    "p95": 2.4168544500000038
  }
}
