{
  "workload": "sort",
  "size": 1,
  "invocations": 60,
  "ok": 60,
  "churn_invocations": [
    1,
    21,
    41
  ],
  "http_latency_ms": {
    "mean": 141.4385355166667,
    "min": 4.233375,
    "p50": 6.2131875,
    "p90": 14.872895800000009,
    "p95": 150.81450174999333,
    "p99": 2829.4342908099998,
    "max": 2855.871625
  },
  "handler_elapsed_ms": {
    "mean": 5.580321133333333,
    "p50": 2.0264275,
    "p95": 14.784111199999888
  }
}
