{
  "ok": 60,
  "total": 60,
  "churn_points": [
    1,
    21,
    41
  ],
  "min_ms": 4.231833,
  "max_ms": 2762.441167,
  "mean_ms": 129.8092083,
  "p50_ms": 5.3237495,
  "p95_ms": 127.52247884999359,
  "p99_ms": 2559.6601824399986
}
