{
  "ok": 60,
  "total": 60,
  "churn_points": [
    1,
    21,
    41
  ],
  "min_ms": 4.233375,
  "max_ms": 2855.871625,
  "mean_ms": 141.4385355166667,
  "p50_ms": 6.2131875,
  "p95_ms": 150.81450174999333,
  "p99_ms": 2829.4342908099998
}
