{
  "workload": "sort",
  "size": 1,
  "invocations": 20,
  "ok": 20,
  "churn_invocations": [],
  "http_latency_ms": {
    "mean": 11.3145584,
    "min": 4.395833,
    "p50": 5.4344375,
    "p90": 8.6863878,
    "p95": 14.767710400000077,
    "p99": 95.83630847999987,
    "max": 116.103458
  },
  "handler_elapsed_ms": {
    "mean": 5.08180135,
    "p50": 1.7880924999999999,
    "p95": 7.9019244500000365
  }
}
