{
  "workload": "sort",
  "size": 1,
  "invocations": 60,
  "ok": 60,
  "churn_invocations": [
    1,
    21,
    41
  ],
  "http_latency_ms": {
    "mean": 129.8092083,
    "min": 4.231833,
    "p50": 5.3237495,
    "p90": 9.124916900000004,
    "p95": 127.52247884999359,
    "p99": 2559.6601824399986,
    "max": 2762.441167
  },
  "handler_elapsed_ms": {
    "mean": 4.929501783333333,
    "p50": 1.8905515,
    "p95": 12.813371949999885
  }
}
