workload,size,invocation,segment,invocation_in_segment,churn,pod,pod_uid,restart_ms,http_latency_ms,handler_elapsed_ms,process_uptime_ms,request_in_pod,cache_mode,status,response_bytes,error
sort,1,1,0,1,0,,e84f9a00-5c0b-4472-8ce9-f621a56c168b,,116.103458,55.905832,34353.487968,41,populate,200,316,
sort,1,2,0,2,0,,e84f9a00-5c0b-4472-8ce9-f621a56c168b,,6.592250,1.949968,34373.612165,42,populate,200,314,
sort,1,3,0,3,0,,e84f9a00-5c0b-4472-8ce9-f621a56c168b,,5.644375,1.726717,34380.274057,43,populate,200,315,
sort,1,4,0,4,0,,e84f9a00-5c0b-4472-8ce9-f621a56c168b,,4.997084,1.702467,34385.753155,44,populate,200,314,
sort,1,5,0,5,0,,e84f9a00-5c0b-4472-8ce9-f621a56c168b,,4.611084,1.718717,34390.134096,45,populate,200,314,
sort,1,6,0,6,0,,e84f9a00-5c0b-4472-8ce9-f621a56c168b,,4.883083,1.797301,34395.390987,46,populate,200,314,
sort,1,7,0,7,0,,e84f9a00-5c0b-4472-8ce9-f621a56c168b,,4.395833,1.778884,34399.876118,47,populate,200,313,
sort,1,8,0,8,0,,e84f9a00-5c0b-4472-8ce9-f621a56c168b,,5.228167,1.746676,34404.968023,48,populate,200,314,
sort,1,9,0,9,0,,e84f9a00-5c0b-4472-8ce9-f621a56c168b,,4.922083,1.714092,34410.120964,49,populate,200,314,
sort,1,10,0,10,0,,e84f9a00-5c0b-4472-8ce9-f621a56c168b,,4.543375,1.718675,34414.684057,50,populate,200,314,
sort,1,11,0,11,0,,e84f9a00-5c0b-4472-8ce9-f621a56c168b,,4.500125,1.721634,34419.358969,51,populate,200,314,
sort,1,12,0,12,0,,e84f9a00-5c0b-4472-8ce9-f621a56c168b,,4.531959,1.637384,34423.899174,52,populate,200,314,
sort,1,13,0,13,0,,e84f9a00-5c0b-4472-8ce9-f621a56c168b,,5.148208,1.685593,34429.100037,53,populate,200,315,
sort,1,14,0,14,0,,e84f9a00-5c0b-4472-8ce9-f621a56c168b,,8.603292,3.781936,34436.568975,54,populate,200,314,
sort,1,15,0,15,0,,e84f9a00-5c0b-4472-8ce9-f621a56c168b,,7.270416,3.212975,34445.003986,55,populate,200,314,
sort,1,16,0,16,0,,e84f9a00-5c0b-4472-8ce9-f621a56c168b,,7.317125,4.178021,34452.357054,56,populate,200,315,
sort,1,17,0,17,0,,e84f9a00-5c0b-4472-8ce9-f621a56c168b,,9.434250,5.375403,34461.749077,57,populate,200,314,
sort,1,18,0,18,0,,e84f9a00-5c0b-4472-8ce9-f621a56c168b,,5.640708,2.740473,34467.681170,58,populate,200,314,
sort,1,19,0,19,0,,e84f9a00-5c0b-4472-8ce9-f621a56c168b,,5.833959,2.756098,34473.430157,59,populate,200,315,
sort,1,20,0,20,0,,e84f9a00-5c0b-4472-8ce9-f621a56c168b,,6.090334,2.787181,34548.813105,60,populate,200,314,
