{
  "ok": 2000,
  "total": 2000,
  "churn_points": [
    1,
    251,
    501,
    751,
    1001,
    1251,
    1501,
    1751
  ],
  "min_ms": 11.882814,
  "max_ms": 389.130311,
  "mean_ms": 80.7059305295,
  "p50_ms": 43.887226999999996,
  "p95_ms": 269.68714905,
  "p99_ms": 339.25796462999995
}
