{
  "ok": 2000,
  "total": 2000,
  "churn_points": [
    1,
    251,
    501,
    751,
    1001,
    1251,
    1501,
    1751
  ],
  "min_ms": 11.765112,
  "max_ms": 146.196428,
  "mean_ms": 33.17979713,
  "p50_ms": 27.8918085,
  "p95_ms": 78.34242525,
  "p99_ms": 116.92580748999998
}
