{
  "panels": {
    "gzip-hash": {
      "comparison": {
        "iteration_1_pgo_saved_percent": 4.494382022471914,
        "steady_pgo_saved_percent": -6.227544910179646
      },
      "default": {
        "iteration_1_median_ms": 1.157,
        "iteration_counts": {
          "1": 15,
          "2": 15,
          "3": 15,
          "4": 15,
          "5": 15,
          "6": 15,
          "7": 15,
          "8": 15,
          "9": 15,
          "10": 15
        },
        "iteration_medians_ms": {
          "1": 1.157,
          "2": 1.243,
          "3": 0.868,
          "4": 0.853,
          "5": 1.066,
          "6": 0.762,
          "7": 1.032,
          "8": 1.233,
          "9": 0.753,
          "10": 0.835
        },
        "steady_median_ms": 0.835
      },
      "pgo": {
        "iteration_1_median_ms": 1.105,
        "iteration_counts": {
          "1": 15,
          "2": 15,
          "3": 15,
          "4": 15,
          "5": 15,
          "6": 15,
          "7": 15,
          "8": 15,
          "9": 15,
          "10": 15
        },
        "iteration_medians_ms": {
          "1": 1.105,
          "2": 1.35,
          "3": 0.725,
          "4": 0.939,
          "5": 1.13,
          "6": 0.698,
          "7": 0.824,
          "8": 1.013,
          "9": 0.685,
          "10": 0.887
        },
        "steady_median_ms": 0.887
      }
    },
    "json-codec": {
      "comparison": {
        "iteration_1_pgo_saved_percent": 3.881354063292538,
        "steady_pgo_saved_percent": 6.338420407708598
      },
      "default": {
        "iteration_1_median_ms": 9.069,
        "iteration_counts": {
          "1": 15,
          "2": 15,
          "3": 15,
          "4": 15,
          "5": 15,
          "6": 15,
          "7": 15,
          "8": 15,
          "9": 15,
          "10": 15
        },
        "iteration_medians_ms": {
          "1": 9.069,
          "2": 10.898,
          "3": 6.525,
          "4": 8.798,
          "5": 11.373,
          "6": 6.505,
          "7": 9.162,
          "8": 11.192,
          "9": 6.611,
          "10": 8.977
        },
        "steady_median_ms": 8.977
      },
      "pgo": {
        "iteration_1_median_ms": 8.717,
        "iteration_counts": {
          "1": 15,
          "2": 15,
          "3": 15,
          "4": 15,
          "5": 15,
          "6": 15,
          "7": 15,
          "8": 15,
          "9": 15,
          "10": 15
        },
        "iteration_medians_ms": {
          "1": 8.717,
          "2": 10.442,
          "3": 6.153,
          "4": 8.366,
          "5": 10.294,
          "6": 6.084,
          "7": 8.396,
          "8": 10.431,
          "9": 6.147,
          "10": 8.408
        },
        "steady_median_ms": 8.408
      }
    },
    "regexp-scan": {
      "comparison": {
        "iteration_1_pgo_saved_percent": 12.788250469573883,
        "steady_pgo_saved_percent": 17.939429678615056
      },
      "default": {
        "iteration_1_median_ms": 44.189,
        "iteration_counts": {
          "1": 15,
          "2": 15,
          "3": 15,
          "4": 15,
          "5": 15,
          "6": 15,
          "7": 15,
          "8": 15,
          "9": 15,
          "10": 15
        },
        "iteration_medians_ms": {
          "1": 44.189,
          "2": 47.358,
          "3": 35.359,
          "4": 47.445,
          "5": 50.801,
          "6": 37.056,
          "7": 41.419,
          "8": 49.875,
          "9": 35.985,
          "10": 47.482
        },
        "steady_median_ms": 47.482
      },
      "pgo": {
        "iteration_1_median_ms": 38.538,
        "iteration_counts": {
          "1": 15,
          "2": 15,
          "3": 15,
          "4": 15,
          "5": 15,
          "6": 15,
          "7": 15,
          "8": 15,
          "9": 15,
          "10": 15
        },
        "iteration_medians_ms": {
          "1": 38.538,
          "2": 43.856,
          "3": 32.11,
          "4": 38.017,
          "5": 43.063,
          "6": 33.406,
          "7": 41.532,
          "8": 45.143,
          "9": 35.597,
          "10": 38.964
        },
        "steady_median_ms": 38.964
      }
    },
    "router-dispatch": {
      "comparison": {
        "iteration_1_pgo_saved_percent": -8.917412599223097,
        "steady_pgo_saved_percent": -1.6592541908997525
      },
      "default": {
        "iteration_1_median_ms": 5.921,
        "iteration_counts": {
          "1": 15,
          "2": 15,
          "3": 15,
          "4": 15,
          "5": 15,
          "6": 15,
          "7": 15,
          "8": 15,
          "9": 15,
          "10": 15
        },
        "iteration_medians_ms": {
          "1": 5.921,
          "2": 5.897,
          "3": 5.9,
          "4": 5.857,
          "5": 5.881,
          "6": 5.915,
          "7": 5.887,
          "8": 5.877,
          "9": 5.821,
          "10": 5.846
        },
        "steady_median_ms": 5.846
      },
      "pgo": {
        "iteration_1_median_ms": 6.449,
        "iteration_counts": {
          "1": 15,
          "2": 15,
          "3": 15,
          "4": 15,
          "5": 15,
          "6": 15,
          "7": 15,
          "8": 15,
          "9": 15,
          "10": 15
        },
        "iteration_medians_ms": {
          "1": 6.449,
          "2": 6.422,
          "3": 6.079,
          "4": 6.027,
          "5": 5.973,
          "6": 5.965,
          "7": 6.003,
          "8": 5.956,
          "9": 5.943,
          "10": 5.935
        },
        "steady_median_ms": 5.943
      }
    },
    "template-render": {
      "comparison": {
        "iteration_1_pgo_saved_percent": 10.862767805442962,
        "steady_pgo_saved_percent": 6.365621050212574
      },
      "default": {
        "iteration_1_median_ms": 8.635,
        "iteration_counts": {
          "1": 15,
          "2": 15,
          "3": 15,
          "4": 15,
          "5": 15,
          "6": 15,
          "7": 15,
          "8": 15,
          "9": 15,
          "10": 15
        },
        "iteration_medians_ms": {
          "1": 8.635,
          "2": 10.103,
          "3": 7.182,
          "4": 8.951,
          "5": 10.423,
          "6": 7.403,
          "7": 9.485,
          "8": 10.584,
          "9": 6.7,
          "10": 8.703
        },
        "steady_median_ms": 8.703
      },
      "pgo": {
        "iteration_1_median_ms": 7.697,
        "iteration_counts": {
          "1": 15,
          "2": 15,
          "3": 15,
          "4": 15,
          "5": 15,
          "6": 15,
          "7": 15,
          "8": 15,
          "9": 15,
          "10": 15
        },
        "iteration_medians_ms": {
          "1": 7.697,
          "2": 8.584,
          "3": 6.129,
          "4": 7.937,
          "5": 10.194,
          "6": 7.839,
          "7": 7.585,
          "8": 9.432,
          "9": 6.633,
          "10": 8.149
        },
        "steady_median_ms": 8.149
      }
    }
  },
  "schema": "go-native-pgo-first-iterations.v1",
  "source": "/Users/maheshk/Documents/New project 5/prototypes/go-native-pgo-first-iterations/results/20260518-go-native-pgo-first-10-r15"
}
