{
  "benchmarks": {
    "router": {
      "go-openfaas-nopgo": {
        "max_ms": 219.12987499945302,
        "mean_ms": 109.06893645009177,
        "min_ms": 101.30308299994795,
        "n": 80,
        "p50_ms": 103.92324999975244,
        "p50_saved_pct": 0.0,
        "p95_ms": 124.88961604954055
      },
      "go-openfaas-pgo-10": {
        "max_ms": 112.1422079995682,
        "mean_ms": 102.83440940003175,
        "min_ms": 101.1876669999765,
        "n": 80,
        "p50_ms": 102.68027050005912,
        "p50_saved_pct": 1.1960552616438387,
        "p95_ms": 104.87529585034281
      },
      "go-openfaas-pgo-5": {
        "max_ms": 147.85187500001484,
        "mean_ms": 103.74931094993372,
        "min_ms": 101.65591599979962,
        "n": 80,
        "p50_ms": 102.89254150029592,
        "p50_saved_pct": 0.9917977925622786,
        "p95_ms": 107.14525480007069
      }
    }
  },
  "schema": "go-openfaas-redis-pgo-linegraphs.v1"
}
