{
  "benchmarks": {
    "dacapo-eclipse": {
      "0": {
        "improvement_pct": 0.0,
        "max_ms": 282.001,
        "mean_ms": 236.18829999999997,
        "min_ms": 203.063,
        "n": 20,
        "p50_ms": 230.17450000000002,
        "p95_ms": 277.38779999999997
      },
      "10": {
        "improvement_pct": 6.873915225187847,
        "max_ms": 524.287,
        "mean_ms": 234.58575000000002,
        "min_ms": 196.723,
        "n": 20,
        "p50_ms": 214.35250000000002,
        "p95_ms": 269.15785000000017
      },
      "5": {
        "improvement_pct": 6.45379918279393,
        "max_ms": 351.51,
        "mean_ms": 227.8285,
        "min_ms": 203.548,
        "n": 20,
        "p50_ms": 215.3195,
        "p95_ms": 273.95200000000006
      }
    },
    "dacapo-fop": {
      "0": {
        "improvement_pct": 0.0,
        "max_ms": 367.048,
        "mean_ms": 319.32255,
        "min_ms": 291.238,
        "n": 20,
        "p50_ms": 315.0535,
        "p95_ms": 362.37875
      },
      "10": {
        "improvement_pct": 3.242782575022971,
        "max_ms": 772.251,
        "mean_ms": 338.8378,
        "min_ms": 284.258,
        "n": 20,
        "p50_ms": 304.837,
        "p95_ms": 445.4861500000003
      },
      "5": {
        "improvement_pct": 5.04533357033011,
        "max_ms": 568.762,
        "mean_ms": 316.1027,
        "min_ms": 282.207,
        "n": 20,
        "p50_ms": 299.158,
        "p95_ms": 364.76660000000015
      }
    },
    "dacapo-h2": {
      "0": {
        "improvement_pct": 0.0,
        "max_ms": 210.088,
        "mean_ms": 186.634,
        "min_ms": 162.639,
        "n": 20,
        "p50_ms": 185.249,
        "p95_ms": 205.20215
      },
      "10": {
        "improvement_pct": 12.05242673374755,
        "max_ms": 381.646,
        "mean_ms": 177.5343,
        "min_ms": 151.02,
        "n": 20,
        "p50_ms": 162.922,
        "p95_ms": 198.86600000000016
      },
      "5": {
        "improvement_pct": 12.51720657061576,
        "max_ms": 283.155,
        "mean_ms": 171.9417,
        "min_ms": 138.093,
        "n": 20,
        "p50_ms": 162.061,
        "p95_ms": 238.94485000000003
      }
    },
    "dacapo-jython": {
      "0": {
        "improvement_pct": 0.0,
        "max_ms": 828.222,
        "mean_ms": 627.03295,
        "min_ms": 545.568,
        "n": 20,
        "p50_ms": 598.2815,
        "p95_ms": 754.4345500000001
      },
      "10": {
        "improvement_pct": 5.157354857203527,
        "max_ms": 896.797,
        "mean_ms": 585.7731,
        "min_ms": 527.047,
        "n": 20,
        "p50_ms": 567.4259999999999,
        "p95_ms": 670.9649000000002
      },
      "5": {
        "improvement_pct": 9.41413030488158,
        "max_ms": 970.404,
        "mean_ms": 577.2353,
        "min_ms": 529.79,
        "n": 20,
        "p50_ms": 541.9585,
        "p95_ms": 670.1802500000002
      }
    },
    "dacapo-lusearch": {
      "0": {
        "improvement_pct": 0.0,
        "max_ms": 336.523,
        "mean_ms": 229.53985000000003,
        "min_ms": 196.966,
        "n": 20,
        "p50_ms": 220.539,
        "p95_ms": 295.06785
      },
      "10": {
        "improvement_pct": 19.01455071438611,
        "max_ms": 426.57,
        "mean_ms": 197.6627,
        "min_ms": 165.136,
        "n": 20,
        "p50_ms": 178.6045,
        "p95_ms": 229.26355000000015
      },
      "5": {
        "improvement_pct": 7.249964858823145,
        "max_ms": 396.666,
        "mean_ms": 216.42655,
        "min_ms": 183.611,
        "n": 20,
        "p50_ms": 204.55,
        "p95_ms": 267.2693500000001
      }
    }
  },
  "schema": "go-pgo-profile-budget-linegraph.v1"
}
