{
  "metric": "compile_or_load_ms",
  "panels": {
    "attention": {
      "comparison": {
        "iteration_1_saved_percent": 84.29040645682042,
        "steady_saved_percent": 1.2464937438935988
      },
      "no-cache": {
        "iteration_1_median_ms": 85.443541,
        "iteration_counts": {
          "1": 5,
          "2": 5,
          "3": 5,
          "4": 5,
          "5": 5,
          "6": 5,
          "7": 5,
          "8": 5,
          "9": 5,
          "10": 5
        },
        "iteration_medians_ms": {
          "1": 85.443541,
          "2": 0.12125,
          "3": 0.082042,
          "4": 0.058667,
          "5": 0.078375,
          "6": 0.101333,
          "7": 0.057625,
          "8": 0.063458,
          "9": 0.051042,
          "10": 0.067625
        },
        "steady_median_ms": 0.063458
      },
      "saved-xla-cache": {
        "iteration_1_median_ms": 13.422833,
        "iteration_counts": {
          "1": 5,
          "2": 5,
          "3": 5,
          "4": 5,
          "5": 5,
          "6": 5,
          "7": 5,
          "8": 5,
          "9": 5,
          "10": 5
        },
        "iteration_medians_ms": {
          "1": 13.422833,
          "2": 0.087542,
          "3": 0.085916,
          "4": 0.069958,
          "5": 0.060583,
          "6": 0.058083,
          "7": 0.062958,
          "8": 0.056416,
          "9": 0.073875,
          "10": 0.062667
        },
        "steady_median_ms": 0.062667
      }
    },
    "conv2d": {
      "comparison": {
        "iteration_1_saved_percent": 85.2803181493856,
        "steady_saved_percent": -18.690218529637647
      },
      "no-cache": {
        "iteration_1_median_ms": 66.435709,
        "iteration_counts": {
          "1": 5,
          "2": 5,
          "3": 5,
          "4": 5,
          "5": 5,
          "6": 5,
          "7": 5,
          "8": 5,
          "9": 5,
          "10": 5
        },
        "iteration_medians_ms": {
          "1": 66.435709,
          "2": 0.1255,
          "3": 0.069792,
          "4": 0.050291,
          "5": 0.075,
          "6": 0.074667,
          "7": 0.06225,
          "8": 0.057292,
          "9": 0.055708,
          "10": 0.084667
        },
        "steady_median_ms": 0.057292
      },
      "saved-xla-cache": {
        "iteration_1_median_ms": 9.779125,
        "iteration_counts": {
          "1": 5,
          "2": 5,
          "3": 5,
          "4": 5,
          "5": 5,
          "6": 5,
          "7": 5,
          "8": 5,
          "9": 5,
          "10": 5
        },
        "iteration_medians_ms": {
          "1": 9.779125,
          "2": 0.113375,
          "3": 0.072334,
          "4": 0.075958,
          "5": 0.062917,
          "6": 0.085459,
          "7": 0.06775,
          "8": 0.068,
          "9": 0.060166,
          "10": 0.069625
        },
        "steady_median_ms": 0.068
      }
    },
    "dense-matmul": {
      "comparison": {
        "iteration_1_saved_percent": 47.03594200730763,
        "steady_saved_percent": -53.939007393759
      },
      "no-cache": {
        "iteration_1_median_ms": 43.669709,
        "iteration_counts": {
          "1": 5,
          "2": 5,
          "3": 5,
          "4": 5,
          "5": 5,
          "6": 5,
          "7": 5,
          "8": 5,
          "9": 5,
          "10": 5
        },
        "iteration_medians_ms": {
          "1": 43.669709,
          "2": 0.114375,
          "3": 0.056958,
          "4": 0.061333,
          "5": 0.06675,
          "6": 0.06125,
          "7": 0.067084,
          "8": 0.058333,
          "9": 0.040459,
          "10": 0.042333
        },
        "steady_median_ms": 0.042333
      },
      "saved-xla-cache": {
        "iteration_1_median_ms": 23.12925,
        "iteration_counts": {
          "1": 5,
          "2": 5,
          "3": 5,
          "4": 5,
          "5": 5,
          "6": 5,
          "7": 5,
          "8": 5,
          "9": 5,
          "10": 5
        },
        "iteration_medians_ms": {
          "1": 23.12925,
          "2": 0.184417,
          "3": 0.09725,
          "4": 0.075334,
          "5": 0.062416,
          "6": 0.061,
          "7": 0.064583,
          "8": 0.059209,
          "9": 0.065167,
          "10": 0.077833
        },
        "steady_median_ms": 0.065167
      }
    },
    "mlp-forward": {
      "comparison": {
        "iteration_1_saved_percent": 86.47142340142506,
        "steady_saved_percent": -25.435469448584193
      },
      "no-cache": {
        "iteration_1_median_ms": 123.586542,
        "iteration_counts": {
          "1": 5,
          "2": 5,
          "3": 5,
          "4": 5,
          "5": 5,
          "6": 5,
          "7": 5,
          "8": 5,
          "9": 5,
          "10": 5
        },
        "iteration_medians_ms": {
          "1": 123.586542,
          "2": 0.187542,
          "3": 0.0885,
          "4": 0.0945,
          "5": 0.151333,
          "6": 0.083125,
          "7": 0.075125,
          "8": 0.109416,
          "9": 0.083875,
          "10": 0.0725
        },
        "steady_median_ms": 0.083875
      },
      "saved-xla-cache": {
        "iteration_1_median_ms": 16.7195,
        "iteration_counts": {
          "1": 5,
          "2": 5,
          "3": 5,
          "4": 5,
          "5": 5,
          "6": 5,
          "7": 5,
          "8": 5,
          "9": 5,
          "10": 5
        },
        "iteration_medians_ms": {
          "1": 16.7195,
          "2": 0.138875,
          "3": 0.178083,
          "4": 0.119208,
          "5": 0.095792,
          "6": 0.127083,
          "7": 0.119458,
          "8": 0.130958,
          "9": 0.105209,
          "10": 0.094
        },
        "steady_median_ms": 0.105209
      }
    },
    "scan-rnn": {
      "comparison": {
        "iteration_1_saved_percent": 85.42151042445256,
        "steady_saved_percent": 17.670033047537615
      },
      "no-cache": {
        "iteration_1_median_ms": 107.660042,
        "iteration_counts": {
          "1": 5,
          "2": 5,
          "3": 5,
          "4": 5,
          "5": 5,
          "6": 5,
          "7": 5,
          "8": 5,
          "9": 5,
          "10": 5
        },
        "iteration_medians_ms": {
          "1": 107.660042,
          "2": 0.126791,
          "3": 0.081209,
          "4": 0.089459,
          "5": 0.094584,
          "6": 0.067541,
          "7": 0.098916,
          "8": 0.09175,
          "9": 0.086542,
          "10": 0.07325
        },
        "steady_median_ms": 0.086542
      },
      "saved-xla-cache": {
        "iteration_1_median_ms": 15.695208,
        "iteration_counts": {
          "1": 5,
          "2": 5,
          "3": 5,
          "4": 5,
          "5": 5,
          "6": 5,
          "7": 5,
          "8": 5,
          "9": 5,
          "10": 5
        },
        "iteration_medians_ms": {
          "1": 15.695208,
          "2": 0.100708,
          "3": 0.071917,
          "4": 0.082417,
          "5": 0.06525,
          "6": 0.067417,
          "7": 0.06975,
          "8": 0.073084,
          "9": 0.062917,
          "10": 0.07125
        },
        "steady_median_ms": 0.07125
      }
    }
  },
  "schema": "jax-native-xla-first-requests.v1",
  "source": "prototypes/jax-native-xla-first-requests/results/20260518-jax-native-first-requests-r5"
}
