{
  "metric": "total_ms",
  "panels": {
    "attention": {
      "comparison": {
        "iteration_1_saved_percent": 82.77569886827442,
        "steady_saved_percent": 10.40917651087142
      },
      "no-cache": {
        "iteration_1_median_ms": 86.894916,
        "iteration_counts": {
          "1": 5,
          "2": 5,
          "3": 5,
          "4": 5,
          "5": 5,
          "6": 5,
          "7": 5,
          "8": 5,
          "9": 5,
          "10": 5
        },
        "iteration_medians_ms": {
          "1": 86.894916,
          "2": 0.399625,
          "3": 0.311834,
          "4": 0.285625,
          "5": 0.2765,
          "6": 0.352916,
          "7": 0.276792,
          "8": 0.242958,
          "9": 0.300709,
          "10": 0.286209
        },
        "steady_median_ms": 0.286209
      },
      "saved-xla-cache": {
        "iteration_1_median_ms": 14.967042,
        "iteration_counts": {
          "1": 5,
          "2": 5,
          "3": 5,
          "4": 5,
          "5": 5,
          "6": 5,
          "7": 5,
          "8": 5,
          "9": 5,
          "10": 5
        },
        "iteration_medians_ms": {
          "1": 14.967042,
          "2": 0.308709,
          "3": 0.309125,
          "4": 0.286041,
          "5": 0.254041,
          "6": 0.249124,
          "7": 0.271041,
          "8": 0.239458,
          "9": 0.299542,
          "10": 0.256417
        },
        "steady_median_ms": 0.256417
      }
    },
    "conv2d": {
      "comparison": {
        "iteration_1_saved_percent": 80.33756282494673,
        "steady_saved_percent": -8.337493658041598
      },
      "no-cache": {
        "iteration_1_median_ms": 69.453501,
        "iteration_counts": {
          "1": 5,
          "2": 5,
          "3": 5,
          "4": 5,
          "5": 5,
          "6": 5,
          "7": 5,
          "8": 5,
          "9": 5,
          "10": 5
        },
        "iteration_medians_ms": {
          "1": 69.453501,
          "2": 0.605583,
          "3": 0.496917,
          "4": 0.37975,
          "5": 0.457833,
          "6": 0.462042,
          "7": 0.437917,
          "8": 0.459167,
          "9": 0.49275,
          "10": 0.577833
        },
        "steady_median_ms": 0.49275
      },
      "saved-xla-cache": {
        "iteration_1_median_ms": 13.656251,
        "iteration_counts": {
          "1": 5,
          "2": 5,
          "3": 5,
          "4": 5,
          "5": 5,
          "6": 5,
          "7": 5,
          "8": 5,
          "9": 5,
          "10": 5
        },
        "iteration_medians_ms": {
          "1": 13.656251,
          "2": 0.609543,
          "3": 0.522376,
          "4": 0.520249,
          "5": 0.501417,
          "6": 0.670418,
          "7": 0.596167,
          "8": 0.533833,
          "9": 0.607875,
          "10": 0.506708
        },
        "steady_median_ms": 0.533833
      }
    },
    "dense-matmul": {
      "comparison": {
        "iteration_1_saved_percent": 44.89513754959132,
        "steady_saved_percent": -40.20051502145922
      },
      "no-cache": {
        "iteration_1_median_ms": 44.920417,
        "iteration_counts": {
          "1": 5,
          "2": 5,
          "3": 5,
          "4": 5,
          "5": 5,
          "6": 5,
          "7": 5,
          "8": 5,
          "9": 5,
          "10": 5
        },
        "iteration_medians_ms": {
          "1": 44.920417,
          "2": 0.396292,
          "3": 0.395708,
          "4": 0.467917,
          "5": 0.291792,
          "6": 0.346042,
          "7": 0.306126,
          "8": 0.324458,
          "9": 0.244542,
          "10": 0.29125
        },
        "steady_median_ms": 0.29125
      },
      "saved-xla-cache": {
        "iteration_1_median_ms": 24.753334,
        "iteration_counts": {
          "1": 5,
          "2": 5,
          "3": 5,
          "4": 5,
          "5": 5,
          "6": 5,
          "7": 5,
          "8": 5,
          "9": 5,
          "10": 5
        },
        "iteration_medians_ms": {
          "1": 24.753334,
          "2": 0.897167,
          "3": 0.427041,
          "4": 0.420959,
          "5": 0.348791,
          "6": 0.382667,
          "7": 0.388333,
          "8": 0.408334,
          "9": 0.366875,
          "10": 0.413333
        },
        "steady_median_ms": 0.408334
      }
    },
    "mlp-forward": {
      "comparison": {
        "iteration_1_saved_percent": 84.23958981113346,
        "steady_saved_percent": -55.784191105068956
      },
      "no-cache": {
        "iteration_1_median_ms": 125.864167,
        "iteration_counts": {
          "1": 5,
          "2": 5,
          "3": 5,
          "4": 5,
          "5": 5,
          "6": 5,
          "7": 5,
          "8": 5,
          "9": 5,
          "10": 5
        },
        "iteration_medians_ms": {
          "1": 125.864167,
          "2": 1.046084,
          "3": 0.763625,
          "4": 0.853208,
          "5": 0.87575,
          "6": 0.581041,
          "7": 0.889376,
          "8": 0.643625,
          "9": 0.747375,
          "10": 0.599792
        },
        "steady_median_ms": 0.643625
      },
      "saved-xla-cache": {
        "iteration_1_median_ms": 19.836709,
        "iteration_counts": {
          "1": 5,
          "2": 5,
          "3": 5,
          "4": 5,
          "5": 5,
          "6": 5,
          "7": 5,
          "8": 5,
          "9": 5,
          "10": 5
        },
        "iteration_medians_ms": {
          "1": 19.836709,
          "2": 0.842125,
          "3": 1.194,
          "4": 0.835583,
          "5": 0.742167,
          "6": 1.001749,
          "7": 1.438333,
          "8": 1.045667,
          "9": 0.82525,
          "10": 1.002666
        },
        "steady_median_ms": 1.002666
      }
    },
    "scan-rnn": {
      "comparison": {
        "iteration_1_saved_percent": 85.08972942229548,
        "steady_saved_percent": 33.47143394806173
      },
      "no-cache": {
        "iteration_1_median_ms": 108.180458,
        "iteration_counts": {
          "1": 5,
          "2": 5,
          "3": 5,
          "4": 5,
          "5": 5,
          "6": 5,
          "7": 5,
          "8": 5,
          "9": 5,
          "10": 5
        },
        "iteration_medians_ms": {
          "1": 108.180458,
          "2": 0.312125,
          "3": 0.2325,
          "4": 0.287542,
          "5": 0.298584,
          "6": 0.245957,
          "7": 0.32475,
          "8": 0.332125,
          "9": 0.387792,
          "10": 0.229042
        },
        "steady_median_ms": 0.332125
      },
      "saved-xla-cache": {
        "iteration_1_median_ms": 16.129999,
        "iteration_counts": {
          "1": 5,
          "2": 5,
          "3": 5,
          "4": 5,
          "5": 5,
          "6": 5,
          "7": 5,
          "8": 5,
          "9": 5,
          "10": 5
        },
        "iteration_medians_ms": {
          "1": 16.129999,
          "2": 0.273041,
          "3": 0.225707,
          "4": 0.249792,
          "5": 0.217708,
          "6": 0.210375,
          "7": 0.218375,
          "8": 0.205958,
          "9": 0.226708,
          "10": 0.220958
        },
        "steady_median_ms": 0.220958
      }
    }
  },
  "schema": "jax-native-xla-first-requests.v1",
  "source": "prototypes/jax-native-xla-first-requests/results/20260518-jax-native-first-requests-r5"
}
