{
  "label": "OpenFaaS DaCapo lusearch HTTP latency",
  "requests": 15,
  "mean_ms": 39.55505839549005,
  "min_ms": 33.04641600698233,
  "p50_ms": 39.49358296813443,
  "p95_ms": 52.74020798970014,
  "p99_ms": 52.74020798970014,
  "max_ms": 52.74020798970014,
  "statuses": {
    "500": 15
  }
}
