{
  "p50_saved_pct": 21.66902568961289,
  "schema": "python-openfaas-openwhisk-trend-summary.v1",
  "series": {
    "baseline": {
      "churn_points": [
        1,
        11,
        48,
        80,
        104,
        128,
        168,
        179
      ],
      "max_ms": 928.434584,
      "mean_ms": 353.825753105,
      "min_ms": 302.212625,
      "ok": 200,
      "p50_ms": 329.47220849999997,
      "p95_ms": 490.8695253500001,
      "p99_ms": 774.5297361599991
    },
    "saved": {
      "churn_points": [
        1,
        11,
        48,
        80,
        104,
        128,
        168,
        179
      ],
      "max_ms": 1059.513834,
      "mean_ms": 275.83853749499997,
      "min_ms": 231.899667,
      "ok": 200,
      "p50_ms": 258.078791,
      "p95_ms": 334.98168930000026,
      "p99_ms": 624.2854703299982
    }
  }
}
