{
  "benchmarks": {
    "dacapo-eclipse": {
      "baseline": {
        "max_ms": 2591.815833,
        "mean_ms": 302.49206544000003,
        "min_ms": 213.593375,
        "n": 200,
        "p50_ms": 256.2112295,
        "p50_saved_pct": 0.0,
        "p95_ms": 493.5089184500003
      },
      "saved": {
        "max_ms": 262.403792,
        "mean_ms": 208.342093815,
        "min_ms": 192.589042,
        "n": 200,
        "p50_ms": 206.695354,
        "p50_saved_pct": 19.326192531307452,
        "p95_ms": 228.89897224999999
      }
    },
    "dacapo-h2": {
      "baseline": {
        "max_ms": 928.434584,
        "mean_ms": 353.825753105,
        "min_ms": 302.212625,
        "n": 200,
        "p50_ms": 329.47220849999997,
        "p50_saved_pct": 0.0,
        "p95_ms": 490.8695253500001
      },
      "saved": {
        "max_ms": 1059.513834,
        "mean_ms": 275.83853749499997,
        "min_ms": 231.899667,
        "n": 200,
        "p50_ms": 258.078791,
        "p50_saved_pct": 21.66902568961289,
        "p95_ms": 334.98168930000026
      }
    },
    "dacapo-lusearch": {
      "baseline": {
        "max_ms": 335.881209,
        "mean_ms": 178.48914208,
        "min_ms": 167.197459,
        "n": 200,
        "p50_ms": 176.06939549999998,
        "p50_saved_pct": 0.0,
        "p95_ms": 192.5043827
      },
      "saved": {
        "max_ms": 289.198083,
        "mean_ms": 161.02972918,
        "min_ms": 149.461125,
        "n": 200,
        "p50_ms": 159.136417,
        "p50_saved_pct": 9.617218513140173,
        "p95_ms": 172.00691840000005
      }
    }
  },
  "schema": "python-openfaas-openwhisk-linegraphs.v1"
}
