{
  "benchmarks": {
    "dacapo-eclipse": {
      "baseline": {
        "churn_points": [
          1,
          11,
          48,
          80,
          104,
          128,
          168,
          179
        ],
        "max_ms": 2591.815833,
        "mean_ms": 302.49206544000003,
        "min_ms": 213.593375,
        "ok": 200,
        "p50_ms": 256.2112295,
        "p95_ms": 493.5089184500003,
        "p99_ms": 734.4470256599997
      },
      "p50_saved_pct": 19.326192531307452,
      "saved": {
        "churn_points": [
          1,
          11,
          48,
          80,
          104,
          128,
          168,
          179
        ],
        "max_ms": 262.403792,
        "mean_ms": 208.342093815,
        "min_ms": 192.589042,
        "ok": 200,
        "p50_ms": 206.695354,
        "p95_ms": 228.89897224999999,
        "p99_ms": 247.65584958999992
      }
    },
    "dacapo-h2": {
      "baseline": {
        "churn_points": [
          1,
          11,
          48,
          80,
          104,
          128,
          168,
          179
        ],
        "max_ms": 928.434584,
        "mean_ms": 353.825753105,
        "min_ms": 302.212625,
        "ok": 200,
        "p50_ms": 329.47220849999997,
        "p95_ms": 490.8695253500001,
        "p99_ms": 774.5297361599991
      },
      "p50_saved_pct": 21.66902568961289,
      "saved": {
        "churn_points": [
          1,
          11,
          48,
          80,
          104,
          128,
          168,
          179
        ],
        "max_ms": 1059.513834,
        "mean_ms": 275.83853749499997,
        "min_ms": 231.899667,
        "ok": 200,
        "p50_ms": 258.078791,
        "p95_ms": 334.98168930000026,
        "p99_ms": 624.2854703299982
      }
    },
    "dacapo-lusearch": {
      "baseline": {
        "churn_points": [
          1,
          11,
          48,
          80,
          104,
          128,
          168,
          179
        ],
        "max_ms": 335.881209,
        "mean_ms": 178.48914208,
        "min_ms": 167.197459,
        "ok": 200,
        "p50_ms": 176.06939549999998,
        "p95_ms": 192.5043827,
        "p99_ms": 221.0374145899999
      },
      "p50_saved_pct": 9.617218513140173,
      "saved": {
        "churn_points": [
          1,
          11,
          48,
          80,
          104,
          128,
          168,
          179
        ],
        "max_ms": 289.198083,
        "mean_ms": 161.02972918,
        "min_ms": 149.461125,
        "ok": 200,
        "p50_ms": 159.136417,
        "p95_ms": 172.00691840000005,
        "p99_ms": 195.25386266999996
      }
    }
  },
  "schema": "python-openfaas-openwhisk-all-summary.v1"
}
