{
  "p50_saved_pct": 19.326192531307452,
  "schema": "python-openfaas-openwhisk-trend-summary.v1",
  "series": {
    "baseline": {
      "churn_points": [
        1,
        11,
        48,
        80,
        104,
        128,
        168,
        179
      ],
      "max_ms": 2591.815833,
      "mean_ms": 302.49206544000003,
      "min_ms": 213.593375,
      "ok": 200,
      "p50_ms": 256.2112295,
      "p95_ms": 493.5089184500003,
      "p99_ms": 734.4470256599997
    },
    "saved": {
      "churn_points": [
        1,
        11,
        48,
        80,
        104,
        128,
        168,
        179
      ],
      "max_ms": 262.403792,
      "mean_ms": 208.342093815,
      "min_ms": 192.589042,
      "ok": 200,
      "p50_ms": 206.695354,
      "p95_ms": 228.89897224999999,
      "p99_ms": 247.65584958999992
    }
  }
}
