{
  "p50_saved_pct": 9.617218513140173,
  "schema": "python-openfaas-openwhisk-trend-summary.v1",
  "series": {
    "baseline": {
      "churn_points": [
        1,
        11,
        48,
        80,
        104,
        128,
        168,
        179
      ],
      "max_ms": 335.881209,
      "mean_ms": 178.48914208,
      "min_ms": 167.197459,
      "ok": 200,
      "p50_ms": 176.06939549999998,
      "p95_ms": 192.5043827,
      "p99_ms": 221.0374145899999
    },
    "saved": {
      "churn_points": [
        1,
        11,
        48,
        80,
        104,
        128,
        168,
        179
      ],
      "max_ms": 289.198083,
      "mean_ms": 161.02972918,
      "min_ms": 149.461125,
      "ok": 200,
      "p50_ms": 159.136417,
      "p95_ms": 172.00691840000005,
      "p99_ms": 195.25386266999996
    }
  }
}
