{
  "workload": "eclipse",
  "size": 2,
  "invocations": 60,
  "ok": 60,
  "churn_invocations": [
    1,
    21,
    41
  ],
  "http_latency_ms": {
    "mean": 131.30802993333333,
    "min": 12.290625,
    "p50": 13.255542,
    "p90": 23.428391100000002,
    "p95": 137.93726429999379,
    "p99": 2373.96230631,
    "max": 2457.784958
  },
  "handler_elapsed_ms": {
    "mean": 14.221647516666668,
    "p50": 9.6161,
    "p95": 22.498061399999866
  }
}
