{
  "workload": "eclipse",
  "size": 2,
  "invocations": 50,
  "ok": 50,
  "churn_invocations": [],
  "http_latency_ms": {
    "mean": 17.68657328,
    "min": 12.500542,
    "p50": 13.3323545,
    "p90": 20.1865789,
    "p95": 26.32807895,
    "p99": 88.68971074999978,
    "max": 143.930167
  },
  "handler_elapsed_ms": {
    "mean": 11.604525859999999,
    "p50": 9.693556000000001,
    "p95": 14.099994049999998
  }
}
