{
  "ok": 60,
  "total": 60,
  "churn_points": [
    1,
    21,
    41
  ],
  "min_ms": 12.595291,
  "max_ms": 2521.768833,
  "mean_ms": 140.18633396666667,
  "p50_ms": 14.895854,
  "p95_ms": 153.99710864999307,
  "p99_ms": 2494.82183675
}
