{
  "ok": 60,
  "total": 60,
  "churn_points": [
    1,
    21,
    41
  ],
  "min_ms": 12.290625,
  "max_ms": 2457.784958,
  "mean_ms": 131.30802993333333,
  "p50_ms": 13.255542,
  "p95_ms": 137.93726429999379,
  "p99_ms": 2373.96230631
}
