{
  "workload": "eclipse",
  "size": 2,
  "invocations": 60,
  "ok": 60,
  "churn_invocations": [
    1,
    21,
    41
  ],
  "http_latency_ms": {
    "mean": 140.18633396666667,
    "min": 12.595291,
    "p50": 14.895854,
    "p90": 26.8512837,
    "p95": 153.99710864999307,
    "p99": 2494.82183675,
    "max": 2521.768833
  },
  "handler_elapsed_ms": {
    "mean": 15.021693866666668,
    "p50": 10.023751,
    "p95": 25.450430099999842
  }
}
