{
  "workload": "h2",
  "size": 2,
  "invocations": 60,
  "ok": 60,
  "churn_invocations": [
    1,
    21,
    41
  ],
  "http_latency_ms": {
    "mean": 140.63324108333333,
    "min": 3.945709,
    "p50": 7.004917000000001,
    "p90": 14.390399700000003,
    "p95": 216.70345594999372,
    "p99": 2714.579924719997,
    "max": 3204.197792
  },
  "handler_elapsed_ms": {
    "mean": 3.280716,
    "p50": 2.0444655,
    "p95": 8.486500199999998
  }
}
