{
  "ok": 60,
  "total": 60,
  "churn_points": [
    1,
    21,
    41
  ],
  "min_ms": 3.945709,
  "max_ms": 3204.197792,
  "mean_ms": 140.63324108333333,
  "p50_ms": 7.004917000000001,
  "p95_ms": 216.70345594999372,
  "p99_ms": 2714.579924719997
}
