{
  "workload": "h2",
  "size": 2,
  "invocations": 50,
  "ok": 50,
  "churn_invocations": [],
  "http_latency_ms": {
    "mean": 6.56942082,
    "min": 3.593792,
    "p50": 4.5241039999999995,
    "p90": 8.2819455,
    "p95": 10.655375149999992,
    "p99": 39.539213169999904,
    "max": 62.36325
  },
  "handler_elapsed_ms": {
    "mean": 1.49614162,
    "p50": 1.3417255,
    "p95": 2.671460849999994
  }
}
