{
  "workload": "h2",
  "size": 2,
  "invocations": 60,
  "ok": 60,
  "churn_invocations": [
    1,
    21,
    41
  ],
  "http_latency_ms": {
    "mean": 123.91181391666666,
    "min": 3.998625,
    "p50": 6.2069165,
    "p90": 13.293679500000001,
    "p95": 137.53368154999347,
    "p99": 2344.7144451599997,
    "max": 2366.942917
  },
  "handler_elapsed_ms": {
    "mean": 3.0074346333333333,
    "p50": 1.961811,
    "p95": 8.54811275
  }
}
