{
  "ok": 60,
  "total": 60,
  "churn_points": [
    1,
    21,
    41
  ],
  "min_ms": 3.998625,
  "max_ms": 2366.942917,
  "mean_ms": 123.91181391666666,
  "p50_ms": 6.2069165,
  "p95_ms": 137.53368154999347,
  "p99_ms": 2344.7144451599997
}
