{
  "workload": "lusearch",
  "size": 2,
  "invocations": 60,
  "ok": 60,
  "churn_invocations": [
    1,
    21,
    41
  ],
  "http_latency_ms": {
    "mean": 125.75527708333334,
    "min": 7.317541,
    "p50": 9.30425,
    "p90": 20.334128500000002,
    "p95": 135.4641130999939,
    "p99": 2358.815369,
    "max": 2369.317959
  },
  "handler_elapsed_ms": {
    "mean": 7.795177883333333,
    "p50": 5.365187000000001,
    "p95": 24.065697149999984
  }
}
