{
  "workload": "lusearch",
  "size": 2,
  "invocations": 60,
  "ok": 60,
  "churn_invocations": [
    1,
    21,
    41
  ],
  "http_latency_ms": {
    "mean": 127.2207632,
    "min": 7.193542,
    "p50": 9.3210835,
    "p90": 20.786900000000003,
    "p95": 134.48019404999363,
    "p99": 2347.837478969999,
    "max": 2468.43225
  },
  "handler_elapsed_ms": {
    "mean": 7.352185516666666,
    "p50": 4.6118465,
    "p95": 17.569778499999966
  }
}
