{
  "ok": 60,
  "total": 60,
  "churn_points": [
    1,
    21,
    41
  ],
  "min_ms": 7.317541,
  "max_ms": 2369.317959,
  "mean_ms": 125.75527708333334,
  "p50_ms": 9.30425,
  "p95_ms": 135.4641130999939,
  "p99_ms": 2358.815369
}
