{
  "workload": "lusearch",
  "size": 2,
  "invocations": 50,
  "ok": 50,
  "churn_invocations": [
    1
  ],
  "http_latency_ms": {
    "mean": 59.439737539999996,
    "min": 7.082667,
    "p50": 7.8236255,
    "p90": 16.117887800000002,
    "p95": 18.612035599999995,
    "p99": 1288.834690169995,
    "max": 2505.632417
  },
  "handler_elapsed_ms": {
    "mean": 6.1057269199999995,
    "p50": 4.4485915,
    "p95": 14.560458699999995
  }
}
