{
  "ok": 60,
  "total": 60,
  "churn_points": [
    1,
    21,
    41
  ],
  "min_ms": 7.193542,
  "max_ms": 2468.43225,
  "mean_ms": 127.2207632,
  "p50_ms": 9.3210835,
  "p95_ms": 134.48019404999363,
  "p99_ms": 2347.837478969999
}
