{
  "workload": "eclipse",
  "size": 2,
  "invocations": 60,
  "ok": 60,
  "churn_invocations": [
    1,
    21,
    41
  ],
  "http_latency_ms": {
    "mean": 267.54834239999997,
    "min": 14.424084,
    "p50": 23.209979500000003,
    "p90": 56.192304400000005,
    "p95": 369.12467884999296,
    "p99": 5325.4536479999815,
    "max": 8471.574958
  },
  "handler_elapsed_ms": {
    "mean": 25.8639106,
    "p50": 14.5512715,
    "p95": 90.20458069999997
  }
}
