{
  "ok": 60,
  "total": 60,
  "churn_points": [
    1,
    21,
    41
  ],
  "min_ms": 14.424084,
  "max_ms": 8471.574958,
  "mean_ms": 267.54834239999997,
  "p50_ms": 23.209979500000003,
  "p95_ms": 369.12467884999296,
  "p99_ms": 5325.4536479999815
}
