{
  "workload": "eclipse",
  "size": 2,
  "invocations": 50,
  "ok": 50,
  "churn_invocations": [],
  "http_latency_ms": {
    "mean": 19.99231088,
    "min": 13.905375,
    "p50": 15.831125,
    "p90": 21.0285788,
    "p95": 22.98612064999999,
    "p99": 102.49940682999969,
    "max": 176.045875
  },
  "handler_elapsed_ms": {
    "mean": 13.98710938,
    "p50": 11.2611285,
    "p95": 16.9363618
  }
}
