{
  "workload": "eclipse",
  "size": 2,
  "invocations": 60,
  "ok": 60,
  "churn_invocations": [
    1,
    21,
    41
  ],
  "http_latency_ms": {
    "mean": 141.23131181666668,
    "min": 12.553584,
    "p50": 14.4908125,
    "p90": 21.2462455,
    "p95": 148.00934549999303,
    "p99": 2559.7462267799997,
    "max": 2603.362542
  },
  "handler_elapsed_ms": {
    "mean": 14.30541595,
    "p50": 10.3463895,
    "p95": 21.285374849999855
  }
}
