{
  "ok": 60,
  "total": 60,
  "churn_points": [
    1,
    21,
    41
  ],
  "min_ms": 12.553584,
  "max_ms": 2603.362542,
  "mean_ms": 141.23131181666668,
  "p50_ms": 14.4908125,
  "p95_ms": 148.00934549999303,
  "p99_ms": 2559.7462267799997
}
