{
  "ok": 60,
  "total": 60,
  "churn_points": [
    1,
    21,
    41
  ],
  "min_ms": 5.003167,
  "max_ms": 4379.733917,
  "mean_ms": 174.77630423333332,
  "p50_ms": 7.6372085,
  "p95_ms": 170.46145864999284,
  "p99_ms": 3562.997678689995
}
