{
  "workload": "h2",
  "size": 2,
  "invocations": 60,
  "ok": 60,
  "churn_invocations": [
    1,
    21,
    41
  ],
  "http_latency_ms": {
    "mean": 174.77630423333332,
    "min": 5.003167,
    "p50": 7.6372085,
    "p90": 20.7447497,
    "p95": 170.46145864999284,
    "p99": 3562.997678689995,
    "max": 4379.733917
  },
  "handler_elapsed_ms": {
    "mean": 3.418929916666667,
    "p50": 2.2786014999999997,
    "p95": 7.154771199999995
  }
}
