{
  "workload": "h2",
  "size": 2,
  "invocations": 50,
  "ok": 50,
  "churn_invocations": [],
  "http_latency_ms": {
    "mean": 9.26002668,
    "min": 5.020041,
    "p50": 8.0104795,
    "p90": 10.643899999999999,
    "p95": 12.126101899999995,
    "p99": 38.97489816999993,
    "max": 54.71525
  },
  "handler_elapsed_ms": {
    "mean": 2.16723942,
    "p50": 1.8305060000000002,
    "p95": 5.679814949999999
  }
}
