{
  "ok": 60,
  "total": 60,
  "churn_points": [
    1,
    21,
    41
  ],
  "min_ms": 4.517167,
  "max_ms": 2790.220625,
  "mean_ms": 138.16304236666664,
  "p50_ms": 6.3471875,
  "p95_ms": 140.13191664999295,
  "p99_ms": 2674.0211574999994
}
