{
  "workload": "h2",
  "size": 2,
  "invocations": 60,
  "ok": 60,
  "churn_invocations": [
    1,
    21,
    41
  ],
  "http_latency_ms": {
    "mean": 138.16304236666664,
    "min": 4.517167,
    "p50": 6.3471875,
    "p90": 12.873670900000002,
    "p95": 140.13191664999295,
    "p99": 2674.0211574999994,
    "max": 2790.220625
  },
  "handler_elapsed_ms": {
    "mean": 2.237695416666667,
    "p50": 1.6614455,
    "p95": 4.590678199999983
  }
}
