{
  "workload": "lusearch",
  "size": 2,
  "invocations": 50,
  "ok": 50,
  "churn_invocations": [
    1
  ],
  "http_latency_ms": {
    "mean": 173.60768745999997,
    "min": 9.429208,
    "p50": 14.3512915,
    "p90": 20.503708300000003,
    "p95": 32.10202079999997,
    "p99": 4062.3914688399846,
    "max": 7857.932
  },
  "handler_elapsed_ms": {
    "mean": 10.62503016,
    "p50": 6.437627,
    "p95": 18.485522849999995
  }
}
