{
  "workload": "lusearch",
  "size": 2,
  "invocations": 60,
  "ok": 60,
  "churn_invocations": [
    1,
    21,
    41
  ],
  "http_latency_ms": {
    "mean": 445.77735758333336,
    "min": 7.159459,
    "p50": 38.5654165,
    "p90": 121.67106720000001,
    "p95": 365.005410099993,
    "p99": 10068.328055059981,
    "max": 13416.158958
  },
  "handler_elapsed_ms": {
    "mean": 17.759845900000002,
    "p50": 10.826811,
    "p95": 57.60792894999999
  }
}
