{
  "ok": 60,
  "total": 60,
  "churn_points": [
    1,
    21,
    41
  ],
  "min_ms": 7.279458,
  "max_ms": 5139.387208,
  "mean_ms": 198.31511728333334,
  "p50_ms": 9.362229,
  "p95_ms": 195.93767469999253,
  "p99_ms": 4112.480850499995
}
