{
  "workload": "lusearch",
  "size": 2,
  "invocations": 60,
  "ok": 60,
  "churn_invocations": [
    1,
    21,
    41
  ],
  "http_latency_ms": {
    "mean": 198.31511728333334,
    "min": 7.279458,
    "p50": 9.362229,
    "p90": 19.292782700000004,
    "p95": 195.93767469999253,
    "p99": 4112.480850499995,
    "max": 5139.387208
  },
  "handler_elapsed_ms": {
    "mean": 8.1443231,
    "p50": 4.6380485,
    "p95": 29.828254299999998
  }
}
