{
  "ok": 60,
  "total": 60,
  "churn_points": [
    1,
    21,
    41
  ],
  "min_ms": 7.159459,
  "max_ms": 13416.158958,
  "mean_ms": 445.77735758333336,
  "p50_ms": 38.5654165,
  "p95_ms": 365.005410099993,
  "p99_ms": 10068.328055059981
}
