{
  "workload": "eclipse",
  "size": 1,
  "invocations": 60,
  "ok": 60,
  "churn_invocations": [
    1,
    21,
    41
  ],
  "http_latency_ms": {
    "mean": 100.65774164999999,
    "min": 5.350709,
    "p50": 6.4876045,
    "p90": 25.6277545,
    "p95": 118.484689599998,
    "p99": 2087.8313320299903,
    "max": 3773.128916
  },
  "handler_elapsed_ms": {
    "mean": 11.17738435,
    "p50": 2.7423,
    "p95": 57.357039699999994
  }
}
