{
  "workload": "eclipse",
  "size": 1,
  "invocations": 15,
  "ok": 15,
  "churn_invocations": [],
  "http_latency_ms": {
    "mean": 23.689427866666666,
    "min": 7.72375,
    "p50": 12.843167,
    "p90": 19.1998246,
    "p95": 67.24260349999983,
    "p99": 155.37785349999993,
    "max": 177.411666
  },
  "handler_elapsed_ms": {
    "mean": 11.4901764,
    "p50": 3.586668,
    "p95": 41.466151999999894
  }
}
