{
  "ok": 60,
  "total": 60,
  "churn_points": [
    1,
    21,
    41
  ],
  "min_ms": 5.350709,
  "max_ms": 3773.128916,
  "mean_ms": 100.65774164999999,
  "p50_ms": 6.4876045,
  "p95_ms": 118.484689599998,
  "p99_ms": 2087.8313320299903
}
