{
  "workload": "eclipse",
  "size": 1,
  "invocations": 60,
  "ok": 60,
  "churn_invocations": [
    1,
    21,
    41
  ],
  "http_latency_ms": {
    "mean": 69.03809786666667,
    "min": 5.664334,
    "p50": 7.4339375,
    "p90": 13.558228800000002,
    "p95": 66.68922149999705,
    "p99": 1277.0055099999981,
    "max": 1564.526375
  },
  "handler_elapsed_ms": {
    "mean": 6.845034316666667,
    "p50": 2.807576,
    "p95": 13.39346219999984
  }
}
