{
  "ok": 60,
  "total": 60,
  "churn_points": [
    1,
    21,
    41
  ],
  "min_ms": 5.664334,
  "max_ms": 1564.526375,
  "mean_ms": 69.03809786666667,
  "p50_ms": 7.4339375,
  "p95_ms": 66.68922149999705,
  "p99_ms": 1277.0055099999981
}
