{
  "workload": "h2",
  "size": 1,
  "invocations": 60,
  "ok": 60,
  "churn_invocations": [
    1,
    21,
    41
  ],
  "http_latency_ms": {
    "mean": 62.99443405,
    "min": 3.140291,
    "p50": 5.0201045,
    "p90": 15.5917416,
    "p95": 62.050631249997714,
    "p99": 1223.936614029998,
    "max": 1565.229833
  },
  "handler_elapsed_ms": {
    "mean": 0.4911045,
    "p50": 0.395275,
    "p95": 1.0213461
  }
}
