{
  "ok": 60,
  "total": 60,
  "churn_points": [
    1,
    21,
    41
  ],
  "min_ms": 3.140291,
  "max_ms": 1565.229833,
  "mean_ms": 62.99443405,
  "p50_ms": 5.0201045,
  "p95_ms": 62.050631249997714,
  "p99_ms": 1223.936614029998
}
