workload,size,invocation,segment,invocation_in_segment,churn,pod,pod_uid,restart_ms,http_latency_ms,handler_elapsed_ms,process_uptime_ms,request_in_pod,cache_mode,status,response_bytes,error
h2,1,1,0,1,0,,5fdff44d-85ff-4e01-a5e5-b26db2a2902e,,72.236083,0.337159,32126.594067,16,populate,200,265,
h2,1,2,0,2,0,,5fdff44d-85ff-4e01-a5e5-b26db2a2902e,,11.090417,0.293077,32139.333010,17,populate,200,264,
h2,1,3,0,3,0,,5fdff44d-85ff-4e01-a5e5-b26db2a2902e,,14.898041,0.490114,32151.101112,18,populate,200,265,
h2,1,4,0,4,0,,5fdff44d-85ff-4e01-a5e5-b26db2a2902e,,14.083791,0.548613,32165.564060,19,populate,200,264,
h2,1,5,0,5,0,,5fdff44d-85ff-4e01-a5e5-b26db2a2902e,,19.163666,1.262680,32180.330038,20,populate,200,263,
h2,1,6,0,6,0,,5fdff44d-85ff-4e01-a5e5-b26db2a2902e,,10.794083,0.675235,32197.926044,21,populate,200,264,
h2,1,7,0,7,0,,5fdff44d-85ff-4e01-a5e5-b26db2a2902e,,11.396000,0.577987,32210.127115,22,populate,200,265,
h2,1,8,0,8,0,,5fdff44d-85ff-4e01-a5e5-b26db2a2902e,,8.585750,0.290576,32219.397068,23,populate,200,264,
h2,1,9,0,9,0,,5fdff44d-85ff-4e01-a5e5-b26db2a2902e,,9.540333,0.924729,32227.734089,24,populate,200,265,
h2,1,10,0,10,0,,5fdff44d-85ff-4e01-a5e5-b26db2a2902e,,12.047333,0.292119,32241.046906,25,populate,200,265,
h2,1,11,0,11,0,,5fdff44d-85ff-4e01-a5e5-b26db2a2902e,,9.734459,0.335118,32250.421047,26,populate,200,265,
h2,1,12,0,12,0,,5fdff44d-85ff-4e01-a5e5-b26db2a2902e,,16.841666,0.577903,32266.972065,27,populate,200,265,
h2,1,13,0,13,0,,5fdff44d-85ff-4e01-a5e5-b26db2a2902e,,21.333459,0.365742,32289.035082,28,populate,200,265,
h2,1,14,0,14,0,,5fdff44d-85ff-4e01-a5e5-b26db2a2902e,,22.887542,0.585278,32309.217930,29,populate,200,265,
h2,1,15,0,15,0,,5fdff44d-85ff-4e01-a5e5-b26db2a2902e,,17.711250,1.583839,32329.354048,30,populate,200,264,
