{
  "workload": "h2",
  "size": 1,
  "invocations": 15,
  "ok": 15,
  "churn_invocations": [],
  "http_latency_ms": {
    "mean": 18.1562582,
    "min": 8.58575,
    "p50": 14.083791,
    "p90": 22.2659088,
    "p95": 37.69210429999995,
    "p99": 65.32728725999996,
    "max": 72.236083
  },
  "handler_elapsed_ms": {
    "mean": 0.6093446,
    "p50": 0.548613,
    "p95": 1.3590276999999995
  }
}
