{
  "workload": "h2",
  "size": 1,
  "invocations": 60,
  "ok": 60,
  "churn_invocations": [
    1,
    21,
    41
  ],
  "http_latency_ms": {
    "mean": 48.24702286666666,
    "min": 2.871458,
    "p50": 4.422000000000001,
    "p90": 8.488208300000002,
    "p95": 56.125083299997804,
    "p99": 904.9609050599997,
    "max": 933.612583
  },
  "handler_elapsed_ms": {
    "mean": 0.36216865,
    "p50": 0.31278700000000004,
    "p95": 0.5556777500000001
  }
}
