{
  "ok": 60,
  "total": 60,
  "churn_points": [
    1,
    21,
    41
  ],
  "min_ms": 2.871458,
  "max_ms": 933.612583,
  "mean_ms": 48.24702286666666,
  "p50_ms": 4.422000000000001,
  "p95_ms": 56.125083299997804,
  "p99_ms": 904.9609050599997
}
