{
  "ok": 60,
  "total": 60,
  "churn_points": [
    1,
    21,
    41
  ],
  "min_ms": 4.120416,
  "max_ms": 1015.640791,
  "mean_ms": 55.224353449999995,
  "p50_ms": 6.4056045,
  "p95_ms": 63.592049999997556,
  "p99_ms": 1003.1767955599998
}
