{
  "ok": 60,
  "total": 60,
  "churn_points": [
    1,
    21,
    41
  ],
  "min_ms": 3.947083,
  "max_ms": 2429.821917,
  "mean_ms": 89.02800765,
  "p50_ms": 7.6668330000000005,
  "p95_ms": 119.07018959999782,
  "p99_ms": 1824.2982057499967
}
