{
  "workload": "lusearch",
  "size": 1,
  "invocations": 15,
  "ok": 15,
  "churn_invocations": [
    1
  ],
  "http_latency_ms": {
    "mean": 87.37040573333334,
    "min": 5.928875,
    "p50": 7.816875,
    "p90": 15.563733599999997,
    "p95": 368.1123963999988,
    "p99": 1022.5061128799994,
    "max": 1186.104542
  },
  "handler_elapsed_ms": {
    "mean": 3.9281713333333332,
    "p50": 1.526382,
    "p95": 14.944279899999984
  }
}
