{
  "workload": "lusearch",
  "size": 1,
  "invocations": 60,
  "ok": 60,
  "churn_invocations": [
    1,
    21,
    41
  ],
  "http_latency_ms": {
    "mean": 55.224353449999995,
    "min": 4.120416,
    "p50": 6.4056045,
    "p90": 13.771391900000001,
    "p95": 63.592049999997556,
    "p99": 1003.1767955599998,
    "max": 1015.640791
  },
  "handler_elapsed_ms": {
    "mean": 3.3914684499999996,
    "p50": 1.3742675,
    "p95": 11.102091099999964
  }
}
