{
  "workload": "lusearch",
  "size": 1,
  "invocations": 60,
  "ok": 60,
  "churn_invocations": [
    1,
    21,
    41
  ],
  "http_latency_ms": {
    "mean": 89.02800765,
    "min": 3.947083,
    "p50": 7.6668330000000005,
    "p90": 29.29791310000001,
    "p95": 119.07018959999782,
    "p99": 1824.2982057499967,
    "max": 2429.821917
  },
  "handler_elapsed_ms": {
    "mean": 5.158774233333333,
    "p50": 1.526078,
    "p95": 24.953738449999996
  }
}
