{
  "workload": "lusearch",
  "size": 1,
  "invocations": 1000,
  "ok": 1000,
  "churn_invocations": [
    1,
    21,
    41,
    61,
    81,
    101,
    121,
    141,
    161,
    181,
    201,
    221,
    241,
    250,
    261,
    281,
    301,
    321,
    341,
    361,
    381,
    401,
    421,
    441,
    461,
    481,
    500,
    501,
    521,
    541,
    561,
    581,
    601,
    621,
    641,
    661,
    681,
    701,
    721,
    741,
    750,
    761,
    781,
    801,
    821,
    841,
    861,
    881,
    901,
    921,
    941,
    961,
    981
  ],
  "http_latency_ms": {
    "mean": 48.603415622,
    "min": 4.405333,
    "p50": 6.422041500000001,
    "p90": 13.281120800000002,
    "p95": 711.3120348,
    "p99": 841.3056199999999,
    "max": 1168.68675
  },
  "handler_elapsed_ms": {
    "mean": 3.215085051,
    "p50": 1.3026045,
    "p95": 25.27421905
  }
}
