{
  "workload": "lusearch",
  "size": 1,
  "invocations": 1000,
  "ok": 1000,
  "churn_invocations": [
    1,
    21,
    41,
    61,
    81,
    101,
    121,
    141,
    161,
    181,
    201,
    221,
    241,
    250,
    261,
    281,
    301,
    321,
    341,
    361,
    381,
    401,
    421,
    441,
    461,
    481,
    500,
    501,
    521,
    541,
    561,
    581,
    601,
    621,
    641,
    661,
    681,
    701,
    721,
    741,
    750,
    761,
    781,
    801,
    821,
    841,
    861,
    881,
    901,
    921,
    941,
    961,
    981
  ],
  "http_latency_ms": {
    "mean": 40.948153053,
    "min": 3.926959,
    "p50": 4.855021,
    "p90": 10.9513955,
    "p95": 642.5163829999999,
    "p99": 681.4310947499999,
    "max": 765.565584
  },
  "handler_elapsed_ms": {
    "mean": 2.8559424079999998,
    "p50": 1.218751,
    "p95": 22.852219099999996
  }
}
